{"cameraMode":{"drawMode":0,"name":"Shaded","section":"Shading Mode"},"sceneLighting":false,"audioPlay":false,"sceneViewState":{"m_AlwaysRefresh":false,"showFog":true,"showSkybox":false,"showFlares":true,"showImageEffects":true,"showParticleSystems":true,"showVisualEffectGraphs":true,"m_FxEnabled":true},"in2DMode":false,"pivot":{"x":0.08371108770370484,"y":1.0677614212036133,"z":-1.0332579612731934},"rotation":{"x":-0.003696601139381528,"y":0.990016758441925,"z":-0.13840274512767793,"w":-0.026443149894475938},"size":2.176602363586426,"orthographic":true}