{"cameraMode":{"drawMode":0,"name":"Shaded","section":"Shading Mode"},"sceneLighting":false,"audioPlay":false,"sceneViewState":{"m_AlwaysRefresh":false,"showFog":true,"showSkybox":false,"showFlares":true,"showImageEffects":true,"showParticleSystems":true,"showVisualEffectGraphs":true,"m_FxEnabled":true},"in2DMode":false,"pivot":{"x":0.12240982055664063,"y":9.945064544677735,"z":7.056911468505859},"rotation":{"x":-0.019072284922003747,"y":0.9802398085594177,"z":-0.15657997131347657,"w":-0.11939366906881333},"size":37.75970458984375,"orthographic":true}