{"cameraMode":{"drawMode":0,"name":"Shaded","section":"Shading Mode"},"sceneLighting":false,"audioPlay":false,"sceneViewState":{"m_AlwaysRefresh":false,"showFog":true,"showSkybox":false,"showFlares":true,"showImageEffects":true,"showParticleSystems":true,"showVisualEffectGraphs":true,"m_FxEnabled":true},"in2DMode":false,"pivot":{"x":0.000033974647521972656,"y":3.0000534057617189,"z":0.0000057220458984375},"rotation":{"x":-0.025562457740306855,"y":0.4774705767631531,"z":0.013901403173804284,"w":0.8781712055206299},"size":3.0822653770446779,"orthographic":true}