{"cameraMode":{"drawMode":0,"name":"Shaded","section":"Shading Mode"},"sceneLighting":false,"audioPlay":false,"sceneViewState":{"m_AlwaysRefresh":false,"showFog":true,"showSkybox":true,"showFlares":true,"showImageEffects":true,"showParticleSystems":true,"showVisualEffectGraphs":true,"m_FxEnabled":true},"in2DMode":false,"pivot":{"x":-6.4712114334106449,"y":5.694047927856445,"z":-0.8452770709991455},"rotation":{"x":0.3324161469936371,"y":0.07205291837453842,"z":-0.02547953650355339,"w":0.9400314092636108},"size":21.451364517211915,"orthographic":true}