{"cameraMode":{"drawMode":0,"name":"Shaded","section":"Shading Mode"},"sceneLighting":false,"audioPlay":false,"sceneViewState":{"m_AlwaysRefresh":false,"showFog":true,"showSkybox":true,"showFlares":true,"showImageEffects":true,"showParticleSystems":true,"showVisualEffectGraphs":true,"m_FxEnabled":true},"in2DMode":false,"pivot":{"x":0.046977996826171878,"y":170.57388305664063,"z":173.8082275390625},"rotation":{"x":0.5757202506065369,"y":0.005640367511659861,"z":-0.0039716134779155258,"w":0.8176196813583374},"size":11.092751502990723,"orthographic":true}