{"cameraMode":{"drawMode":0,"name":"Shaded","section":"Shading Mode"},"sceneLighting":false,"audioPlay":false,"sceneViewState":{"m_AlwaysRefresh":false,"showFog":true,"showSkybox":true,"showFlares":true,"showImageEffects":true,"showParticleSystems":true,"showVisualEffectGraphs":true,"m_FxEnabled":true},"in2DMode":false,"pivot":{"x":-14.94902515411377,"y":-3.7313647270202638,"z":230.08665466308595},"rotation":{"x":0.32709646224975588,"y":-0.31059762835502627,"z":0.11478710174560547,"w":0.8850776553153992},"size":7.871912002563477,"orthographic":true}