{"cameraMode":{"drawMode":0,"name":"Shaded","section":"Shading Mode"},"sceneLighting":false,"audioPlay":false,"sceneViewState":{"m_AlwaysRefresh":false,"showFog":true,"showSkybox":true,"showFlares":true,"showImageEffects":true,"showParticleSystems":true,"showVisualEffectGraphs":true,"m_FxEnabled":true},"in2DMode":false,"pivot":{"x":-1.5272579193115235,"y":3.653268814086914,"z":308.99578857421877},"rotation":{"x":0.18758711218833924,"y":0.3998580574989319,"z":-0.08397354930639267,"w":0.8932377696037293},"size":16.270496368408204,"orthographic":false}