{"cameraMode":{"drawMode":0,"name":"Shaded","section":"Shading Mode"},"sceneLighting":false,"audioPlay":false,"sceneViewState":{"m_AlwaysRefresh":false,"showFog":true,"showSkybox":true,"showFlares":true,"showImageEffects":true,"showParticleSystems":true,"showVisualEffectGraphs":true,"m_FxEnabled":true},"in2DMode":false,"pivot":{"x":11.583633422851563,"y":-19.936664581298829,"z":115.27694702148438},"rotation":{"x":0.06877046823501587,"y":0.8957964181900024,"z":-0.41300150752067568,"w":0.14916253089904786},"size":54.49092483520508,"orthographic":true}