{"cameraMode":{"drawMode":0,"name":"Shaded","section":"Shading Mode"},"sceneLighting":false,"audioPlay":false,"sceneViewState":{"m_AlwaysRefresh":false,"showFog":true,"showSkybox":true,"showFlares":true,"showImageEffects":true,"showParticleSystems":true,"showVisualEffectGraphs":true,"m_FxEnabled":true},"in2DMode":false,"pivot":{"x":-0.002190113067626953,"y":-0.2000168263912201,"z":476.0400085449219},"rotation":{"x":-0.023246053606271745,"y":0.7383673191070557,"z":-0.025483615696430208,"w":-0.6735181212425232},"size":3.460355758666992,"orthographic":true}