{"cameraMode":{"drawMode":0,"name":"Shaded","section":"Shading Mode"},"sceneLighting":false,"audioPlay":false,"sceneViewState":{"m_AlwaysRefresh":false,"showFog":true,"showSkybox":true,"showFlares":true,"showImageEffects":true,"showParticleSystems":true,"showVisualEffectGraphs":true,"m_FxEnabled":true},"in2DMode":false,"pivot":{"x":-2.0899999141693117,"y":11.130000114440918,"z":135.1300048828125},"rotation":{"x":-0.004837456159293652,"y":0.9930638074874878,"z":-0.04411913827061653,"w":-0.10887963324785233},"size":1.4331786632537842,"orthographic":true}