{"cameraMode":{"drawMode":0,"name":"Shaded","section":"Shading Mode"},"sceneLighting":false,"audioPlay":false,"sceneViewState":{"m_AlwaysRefresh":false,"showFog":true,"showSkybox":false,"showFlares":true,"showImageEffects":true,"showParticleSystems":true,"showVisualEffectGraphs":true,"m_FxEnabled":true},"in2DMode":false,"pivot":{"x":1.9240813255310059,"y":1.4198360443115235,"z":90.75921630859375},"rotation":{"x":0.21408861875534059,"y":0.22788433730602265,"z":-0.05143825337290764,"w":0.9484687447547913},"size":0.7863718867301941,"orthographic":true}