{"cameraMode":{"drawMode":0,"name":"Shaded","section":"Shading Mode"},"sceneLighting":false,"audioPlay":false,"sceneViewState":{"m_AlwaysRefresh":false,"showFog":true,"showSkybox":false,"showFlares":true,"showImageEffects":true,"showParticleSystems":true,"showVisualEffectGraphs":true,"m_FxEnabled":true},"in2DMode":false,"pivot":{"x":0.1208859458565712,"y":0.2939126193523407,"z":40.53923797607422},"rotation":{"x":0.0332176573574543,"y":0.9018319249153137,"z":-0.07048595696687699,"w":0.425004243850708},"size":0.44089770317077639,"orthographic":true}