{"cameraMode":{"drawMode":0,"name":"Shaded","section":"Shading Mode"},"sceneLighting":false,"audioPlay":false,"sceneViewState":{"m_AlwaysRefresh":false,"showFog":true,"showSkybox":false,"showFlares":true,"showImageEffects":true,"showParticleSystems":true,"showVisualEffectGraphs":true,"m_FxEnabled":true},"in2DMode":false,"pivot":{"x":-0.5698244571685791,"y":-0.8309537172317505,"z":41.188743591308597},"rotation":{"x":0.08996283262968064,"y":0.6892435550689697,"z":-0.08688569068908692,"w":0.7136536240577698},"size":2.9574060440063478,"orthographic":true}