{"cameraMode":{"drawMode":0,"name":"Shaded","section":"Shading Mode"},"sceneLighting":false,"audioPlay":false,"sceneViewState":{"m_AlwaysRefresh":false,"showFog":true,"showSkybox":false,"showFlares":true,"showImageEffects":true,"showParticleSystems":true,"showVisualEffectGraphs":true,"m_FxEnabled":true},"in2DMode":false,"pivot":{"x":0.11307010799646378,"y":0.26458871364593508,"z":40.523231506347659},"rotation":{"x":0.0018600899493321777,"y":0.9937223196029663,"z":-0.11075905710458756,"w":0.01669216714799404},"size":2.34084415435791,"orthographic":true}