{"cameraMode":{"drawMode":0,"name":"Shaded","section":"Shading Mode"},"sceneLighting":false,"audioPlay":false,"sceneViewState":{"m_AlwaysRefresh":false,"showFog":true,"showSkybox":false,"showFlares":true,"showImageEffects":true,"showParticleSystems":true,"showVisualEffectGraphs":true,"m_FxEnabled":true},"in2DMode":false,"pivot":{"x":0.11307010799646378,"y":0.26458871364593508,"z":40.523231506347659},"rotation":{"x":0.10919862240552902,"y":0.03875640407204628,"z":-0.00426051439717412,"w":0.9932562112808228},"size":0.6115769743919373,"orthographic":true}