{"cameraMode":{"drawMode":0,"name":"Shaded","section":"Shading Mode"},"sceneLighting":false,"audioPlay":false,"sceneViewState":{"m_AlwaysRefresh":false,"showFog":true,"showSkybox":false,"showFlares":true,"showImageEffects":true,"showParticleSystems":true,"showVisualEffectGraphs":true,"m_FxEnabled":true},"in2DMode":false,"pivot":{"x":0.11307010799646378,"y":0.26458871364593508,"z":40.523231506347659},"rotation":{"x":0.12988680601119996,"y":0.8613871932029724,"z":-0.27497872710227969,"w":0.4068901538848877},"size":2.34084415435791,"orthographic":true}