{"cameraMode":{"drawMode":0,"name":"Shaded","section":"Shading Mode"},"sceneLighting":false,"audioPlay":false,"sceneViewState":{"m_AlwaysRefresh":false,"showFog":true,"showSkybox":false,"showFlares":true,"showImageEffects":true,"showParticleSystems":true,"showVisualEffectGraphs":true,"m_FxEnabled":true},"in2DMode":false,"pivot":{"x":-0.26105427742004397,"y":0.22483223676681519,"z":40.39814758300781},"rotation":{"x":0.020160365849733354,"y":0.8725854158401489,"z":-0.03614377975463867,"w":0.48671025037765505},"size":0.8807167410850525,"orthographic":true}