{"cameraMode":{"drawMode":0,"name":"Shaded","section":"Shading Mode"},"sceneLighting":false,"audioPlay":false,"sceneViewState":{"m_AlwaysRefresh":false,"showFog":true,"showSkybox":false,"showFlares":true,"showImageEffects":true,"showParticleSystems":true,"showVisualEffectGraphs":true,"m_FxEnabled":true},"in2DMode":false,"pivot":{"x":0.11307010799646378,"y":0.26458871364593508,"z":40.523231506347659},"rotation":{"x":0.11577241867780686,"y":-0.7546215057373047,"z":0.13848842680454255,"w":0.6308457851409912},"size":0.4322659373283386,"orthographic":true}