{"cameraMode":{"drawMode":0,"name":"Shaded","section":"Shading Mode"},"sceneLighting":false,"audioPlay":false,"sceneViewState":{"m_AlwaysRefresh":false,"showFog":true,"showSkybox":false,"showFlares":true,"showImageEffects":true,"showParticleSystems":true,"showVisualEffectGraphs":true,"m_FxEnabled":true},"in2DMode":false,"pivot":{"x":0.28100013732910159,"y":1.4739999771118165,"z":2.0299997329711916},"rotation":{"x":0.03267606347799301,"y":-0.8866639137268066,"z":0.06341356039047241,"w":0.45687949657440188},"size":8.881572723388672,"orthographic":true}