{"cameraMode":{"drawMode":0,"name":"Shaded","section":"Shading Mode"},"sceneLighting":false,"audioPlay":false,"sceneViewState":{"m_AlwaysRefresh":false,"showFog":true,"showSkybox":false,"showFlares":true,"showImageEffects":true,"showParticleSystems":true,"showVisualEffectGraphs":true,"m_FxEnabled":true},"in2DMode":false,"pivot":{"x":-3.8399999141693117,"y":5.12000036239624,"z":-41.209999084472659},"rotation":{"x":-0.009473783895373345,"y":0.7123255133628845,"z":0.009616975672543049,"w":0.7017199993133545},"size":1.2315752506256104,"orthographic":true}