{"cameraMode":{"drawMode":0,"name":"Shaded","section":"Shading Mode"},"sceneLighting":false,"audioPlay":false,"sceneViewState":{"m_AlwaysRefresh":false,"showFog":true,"showSkybox":false,"showFlares":true,"showImageEffects":true,"showParticleSystems":true,"showVisualEffectGraphs":true,"m_FxEnabled":true},"in2DMode":false,"pivot":{"x":-2.6137583255767824,"y":5.002221584320068,"z":-53.909175872802737},"rotation":{"x":-0.009473783895373345,"y":0.7123255133628845,"z":0.009616975672543049,"w":0.7017199993133545},"size":6.510071754455566,"orthographic":true}