{"cameraMode":{"drawMode":0,"name":"Shaded","section":"Shading Mode"},"sceneLighting":false,"audioPlay":false,"sceneViewState":{"m_AlwaysRefresh":false,"showFog":true,"showSkybox":false,"showFlares":true,"showImageEffects":true,"showParticleSystems":true,"showVisualEffectGraphs":true,"m_FxEnabled":true},"in2DMode":false,"pivot":{"x":-0.02973151206970215,"y":0.6613171100616455,"z":0.07729578018188477},"rotation":{"x":-0.025562457740306855,"y":0.4774705767631531,"z":0.013901403173804284,"w":0.8781712055206299},"size":0.518985390663147,"orthographic":true}