{"cameraMode":{"drawMode":0,"name":"Shaded","section":"Shading Mode"},"sceneLighting":false,"audioPlay":false,"sceneViewState":{"m_AlwaysRefresh":false,"showFog":true,"showSkybox":false,"showFlares":true,"showImageEffects":true,"showParticleSystems":true,"showVisualEffectGraphs":true,"m_FxEnabled":true},"in2DMode":false,"pivot":{"x":-0.3636542558670044,"y":32.83891677856445,"z":-64.82633972167969},"rotation":{"x":-0.0010492760920897127,"y":0.9939655065536499,"z":-0.10927631705999375,"w":-0.009543980471789837},"size":0.854586124420166,"orthographic":true}