{"cameraMode":{"drawMode":0,"name":"Shaded","section":"Shading Mode"},"sceneLighting":false,"audioPlay":false,"sceneViewState":{"m_AlwaysRefresh":false,"showFog":true,"showSkybox":false,"showFlares":true,"showImageEffects":true,"showParticleSystems":true,"showVisualEffectGraphs":true,"m_FxEnabled":true},"in2DMode":false,"pivot":{"x":12.67904281616211,"y":30.025888442993165,"z":-44.627830505371097},"rotation":{"x":-0.0037551545538008215,"y":0.8656012415885925,"z":0.006492130924016237,"w":0.500678300857544},"size":29.2552490234375,"orthographic":true}