{"cameraMode":{"drawMode":0,"name":"Shaded","section":"Shading Mode"},"sceneLighting":false,"audioPlay":false,"sceneViewState":{"m_AlwaysRefresh":false,"showFog":true,"showSkybox":false,"showFlares":true,"showImageEffects":true,"showParticleSystems":true,"showVisualEffectGraphs":true,"m_FxEnabled":true},"in2DMode":false,"pivot":{"x":-0.11891564726829529,"y":1.5236258506774903,"z":-0.07395845651626587},"rotation":{"x":-0.06540688127279282,"y":0.9192372560501099,"z":-0.17297686636447907,"w":-0.3475777506828308},"size":1.2311527729034424,"orthographic":true}