{"cameraMode":{"drawMode":0,"name":"Shaded","section":"Shading Mode"},"sceneLighting":false,"audioPlay":false,"sceneViewState":{"m_AlwaysRefresh":false,"showFog":true,"showSkybox":false,"showFlares":true,"showImageEffects":true,"showParticleSystems":true,"showVisualEffectGraphs":true,"m_FxEnabled":true},"in2DMode":false,"pivot":{"x":1.6823630332946778,"y":1.1175048351287842,"z":90.72329711914063},"rotation":{"x":-0.12415006756782532,"y":0.4055924117565155,"z":-0.05570979416370392,"w":-0.9038687944412231},"size":3.1305861473083498,"orthographic":true}