{"cameraMode":{"drawMode":0,"name":"Shaded","section":"Shading Mode"},"sceneLighting":false,"audioPlay":false,"sceneViewState":{"m_AlwaysRefresh":false,"showFog":true,"showSkybox":false,"showFlares":true,"showImageEffects":true,"showParticleSystems":true,"showVisualEffectGraphs":true,"m_FxEnabled":true},"in2DMode":false,"pivot":{"x":1.9292042255401612,"y":1.6140724420547486,"z":89.90729522705078},"rotation":{"x":0.11396890878677368,"y":0.19099511206150056,"z":-0.022332148626446725,"w":0.9747042655944824},"size":0.7719445824623108,"orthographic":true}