{"cameraMode":{"drawMode":0,"name":"Shaded","section":"Shading Mode"},"sceneLighting":false,"audioPlay":false,"sceneViewState":{"m_AlwaysRefresh":false,"showFog":true,"showSkybox":false,"showFlares":true,"showImageEffects":true,"showParticleSystems":true,"showVisualEffectGraphs":true,"m_FxEnabled":true},"in2DMode":false,"pivot":{"x":2.003049850463867,"y":1.1680071353912354,"z":89.94355010986328},"rotation":{"x":0.09699688851833344,"y":0.8295064568519592,"z":-0.15222962200641633,"w":0.5285287499427795},"size":3.3832147121429445,"orthographic":true}