{"cameraMode":{"drawMode":0,"name":"Shaded","section":"Shading Mode"},"sceneLighting":false,"audioPlay":false,"sceneViewState":{"m_AlwaysRefresh":false,"showFog":true,"showSkybox":false,"showFlares":true,"showImageEffects":true,"showParticleSystems":true,"showVisualEffectGraphs":true,"m_FxEnabled":true},"in2DMode":false,"pivot":{"x":1.844658374786377,"y":1.1840163469314576,"z":89.77447509765625},"rotation":{"x":0.11014725267887116,"y":0.2921276390552521,"z":-0.03389163315296173,"w":0.9494112730026245},"size":2.3766894340515138,"orthographic":true}