{"cameraMode":{"drawMode":0,"name":"Shaded","section":"Shading Mode"},"sceneLighting":false,"audioPlay":false,"sceneViewState":{"m_AlwaysRefresh":false,"showFog":true,"showSkybox":false,"showFlares":true,"showImageEffects":true,"showParticleSystems":true,"showVisualEffectGraphs":true,"m_FxEnabled":true},"in2DMode":false,"pivot":{"x":-1.7300000190734864,"y":0.14117632806301118,"z":35.22999954223633},"rotation":{"x":-0.0046973149292171,"y":0.9821680188179016,"z":-0.18634523451328278,"w":-0.02475922368466854},"size":0.9283649325370789,"orthographic":true}