{"cameraMode":{"drawMode":0,"name":"Shaded","section":"Shading Mode"},"sceneLighting":false,"audioPlay":false,"sceneViewState":{"m_AlwaysRefresh":false,"showFog":true,"showSkybox":false,"showFlares":true,"showImageEffects":true,"showParticleSystems":true,"showVisualEffectGraphs":true,"m_FxEnabled":true},"in2DMode":false,"pivot":{"x":-0.029999971389770509,"y":6.387350559234619,"z":9.661869049072266},"rotation":{"x":0.2211560308933258,"y":0.16927945613861085,"z":-0.039021607488393787,"w":0.9596572518348694},"size":1.0410493612289429,"orthographic":true}