{"cameraMode":{"drawMode":0,"name":"Shaded","section":"Shading Mode"},"sceneLighting":false,"audioPlay":false,"sceneViewState":{"m_AlwaysRefresh":false,"showFog":true,"showSkybox":false,"showFlares":true,"showImageEffects":true,"showParticleSystems":true,"showVisualEffectGraphs":true,"m_FxEnabled":true},"in2DMode":false,"pivot":{"x":1.1763758659362794,"y":0.8754745721817017,"z":10.96211051940918},"rotation":{"x":0.16168053448200227,"y":0.6041932106018066,"z":-0.1268855333328247,"w":0.7698776125907898},"size":0.7860755324363709,"orthographic":true}