{"cameraMode":{"drawMode":0,"name":"Shaded","section":"Shading Mode"},"sceneLighting":false,"audioPlay":false,"sceneViewState":{"m_AlwaysRefresh":false,"showFog":true,"showSkybox":false,"showFlares":true,"showImageEffects":true,"showParticleSystems":true,"showVisualEffectGraphs":true,"m_FxEnabled":true},"in2DMode":false,"pivot":{"x":18.087181091308595,"y":1.0432403087615967,"z":8.518409729003907},"rotation":{"x":0.10109265893697739,"y":0.05071623995900154,"z":-0.00515992334112525,"w":0.9935713410377502},"size":1.6534738540649415,"orthographic":true}