{"cameraMode":{"drawMode":0,"name":"Shaded","section":"Shading Mode"},"sceneLighting":false,"audioPlay":false,"sceneViewState":{"m_AlwaysRefresh":false,"showFog":true,"showSkybox":false,"showFlares":true,"showImageEffects":true,"showParticleSystems":true,"showVisualEffectGraphs":true,"m_FxEnabled":true},"in2DMode":false,"pivot":{"x":0.0002903938293457031,"y":8.9578275680542,"z":-34.29202651977539},"rotation":{"x":0.012873237021267414,"y":0.9737928509712219,"z":-0.21980495750904084,"w":0.05703200772404671},"size":0.8837491869926453,"orthographic":true}