{"cameraMode":{"drawMode":0,"name":"Shaded","section":"Shading Mode"},"sceneLighting":false,"audioPlay":false,"sceneViewState":{"m_AlwaysRefresh":false,"showFog":true,"showSkybox":false,"showFlares":true,"showImageEffects":true,"showParticleSystems":true,"showVisualEffectGraphs":true,"m_FxEnabled":true},"in2DMode":false,"pivot":{"x":2.6500000953674318,"y":5.802999973297119,"z":12.939577102661133},"rotation":{"x":-0.07171618193387985,"y":-0.4281984865665436,"z":-0.03411370515823364,"w":0.9001889228820801},"size":0.1783222109079361,"orthographic":true}