{"cameraMode":{"drawMode":0,"name":"Shaded","section":"Shading Mode"},"sceneLighting":false,"audioPlay":false,"sceneViewState":{"m_AlwaysRefresh":false,"showFog":true,"showSkybox":false,"showFlares":true,"showImageEffects":true,"showParticleSystems":true,"showVisualEffectGraphs":true,"m_FxEnabled":true},"in2DMode":false,"pivot":{"x":-0.8486990332603455,"y":0.9939538240432739,"z":0.43533018231391909},"rotation":{"x":0.05010772868990898,"y":0.942040741443634,"z":-0.16354915499687196,"w":0.2886192202568054},"size":1.8655391931533814,"orthographic":true}