{"cameraMode":{"drawMode":0,"name":"Shaded","section":"Shading Mode"},"sceneLighting":false,"audioPlay":false,"sceneViewState":{"m_AlwaysRefresh":false,"showFog":true,"showSkybox":false,"showFlares":true,"showImageEffects":true,"showParticleSystems":true,"showVisualEffectGraphs":true,"m_FxEnabled":true},"in2DMode":false,"pivot":{"x":-1.9199999570846558,"y":0.8500000238418579,"z":28.690000534057618},"rotation":{"x":0.15128830075263978,"y":0.7087264060974121,"z":-0.15997394919395448,"w":0.6702456474304199},"size":1.3896098136901856,"orthographic":true}