{"cameraMode":{"drawMode":0,"name":"Shaded","section":"Shading Mode"},"sceneLighting":false,"audioPlay":false,"sceneViewState":{"m_AlwaysRefresh":false,"showFog":true,"showSkybox":false,"showFlares":true,"showImageEffects":true,"showParticleSystems":true,"showVisualEffectGraphs":true,"m_FxEnabled":true},"in2DMode":false,"pivot":{"x":-1.9199999570846558,"y":0.8500000238418579,"z":28.690000534057618},"rotation":{"x":0.22741396725177766,"y":-0.025414686650037767,"z":0.005937250331044197,"w":0.9734512567520142},"size":0.7348466515541077,"orthographic":true}