{"cameraMode":{"drawMode":0,"name":"Shaded","section":"Shading Mode"},"sceneLighting":false,"audioPlay":false,"sceneViewState":{"m_AlwaysRefresh":false,"showFog":true,"showSkybox":false,"showFlares":true,"showImageEffects":true,"showParticleSystems":true,"showVisualEffectGraphs":true,"m_FxEnabled":true},"in2DMode":false,"pivot":{"x":-1.9199999570846558,"y":0.8500000238418579,"z":28.690000534057618},"rotation":{"x":0.3356891870498657,"y":0.47711196541786196,"z":-0.20367854833602906,"w":0.7862765789031982},"size":1.3022923469543458,"orthographic":true}