{"cameraMode":{"drawMode":0,"name":"Shaded","section":"Shading Mode"},"sceneLighting":false,"audioPlay":false,"sceneViewState":{"m_AlwaysRefresh":false,"showFog":true,"showSkybox":false,"showFlares":true,"showImageEffects":true,"showParticleSystems":true,"showVisualEffectGraphs":true,"m_FxEnabled":true},"in2DMode":false,"pivot":{"x":-1.9199999570846558,"y":0.8500000238418579,"z":28.690000534057618},"rotation":{"x":0.023962538689374925,"y":-0.0545601025223732,"z":0.0013070201966911555,"w":0.9982331991195679},"size":0.7348466515541077,"orthographic":true}