{"cameraMode":{"drawMode":0,"name":"Shaded","section":"Shading Mode"},"sceneLighting":false,"audioPlay":false,"sceneViewState":{"m_AlwaysRefresh":false,"showFog":true,"showSkybox":false,"showFlares":true,"showImageEffects":true,"showParticleSystems":true,"showVisualEffectGraphs":true,"m_FxEnabled":true},"in2DMode":false,"pivot":{"x":1.5000001192092896,"y":0.12499940395355225,"z":1.4999992847442628},"rotation":{"x":-0.31606417894363406,"y":0.4515445828437805,"z":0.1749311089515686,"w":0.8158499598503113},"size":2.1250176429748537,"orthographic":true}