{"cameraMode":{"drawMode":0,"name":"Shaded","section":"Shading Mode"},"sceneLighting":false,"audioPlay":false,"sceneViewState":{"m_AlwaysRefresh":false,"showFog":true,"showSkybox":false,"showFlares":true,"showImageEffects":true,"showParticleSystems":true,"showVisualEffectGraphs":true,"m_FxEnabled":true},"in2DMode":false,"pivot":{"x":0.0007696151733398438,"y":0.35199999809265139,"z":-29.430559158325197},"rotation":{"x":-0.009555939584970475,"y":0.9888200163841248,"z":-0.07280942797660828,"w":-0.12977857887744904},"size":3.4461565017700197,"orthographic":true}