{"cameraMode":{"drawMode":0,"name":"Shaded","section":"Shading Mode"},"sceneLighting":false,"audioPlay":false,"sceneViewState":{"m_AlwaysRefresh":false,"showFog":true,"showSkybox":false,"showFlares":true,"showImageEffects":true,"showParticleSystems":true,"showVisualEffectGraphs":true,"m_FxEnabled":true},"in2DMode":false,"pivot":{"x":-0.02443474531173706,"y":0.9213905334472656,"z":-0.04300910234451294},"rotation":{"x":0.002367527922615409,"y":0.9914129972457886,"z":-0.12951207160949708,"w":0.018141761422157289},"size":1.7282359600067139,"orthographic":true}