{"cameraMode":{"drawMode":0,"name":"Shaded","section":"Shading Mode"},"sceneLighting":false,"audioPlay":false,"sceneViewState":{"m_AlwaysRefresh":false,"showFog":true,"showSkybox":false,"showFlares":true,"showImageEffects":true,"showParticleSystems":true,"showVisualEffectGraphs":true,"m_FxEnabled":true},"in2DMode":false,"pivot":{"x":0.3179302215576172,"y":5.208702564239502,"z":-0.19695758819580079},"rotation":{"x":0.003884200006723404,"y":0.08539532870054245,"z":-0.0003329445025883615,"w":0.9963404536247253},"size":2.284205436706543,"orthographic":true}