{"cameraMode":{"drawMode":0,"name":"Shaded","section":"Shading Mode"},"sceneLighting":false,"audioPlay":false,"sceneViewState":{"m_AlwaysRefresh":false,"showFog":true,"showSkybox":false,"showFlares":true,"showImageEffects":true,"showParticleSystems":true,"showVisualEffectGraphs":true,"m_FxEnabled":true},"in2DMode":false,"pivot":{"x":3.2217648029327394,"y":-0.3486221432685852,"z":6.116039276123047},"rotation":{"x":0.022300874814391137,"y":0.7365869283676148,"z":-0.024316195398569108,"w":0.6755393743515015},"size":2.9880876541137697,"orthographic":true}