{"cameraMode":{"drawMode":0,"name":"Shaded","section":"Shading Mode"},"sceneLighting":false,"audioPlay":false,"sceneViewState":{"m_AlwaysRefresh":false,"showFog":false,"showSkybox":false,"showFlares":false,"showImageEffects":false,"showParticleSystems":false,"showVisualEffectGraphs":true,"m_FxEnabled":true},"in2DMode":false,"pivot":{"x":0.08831925690174103,"y":0.7519553899765015,"z":0.27330631017684939},"rotation":{"x":-0.08597203344106674,"y":0.8778012990951538,"z":-0.17200636863708497,"w":-0.43873828649520876},"size":1.5566140413284302,"orthographic":true}