{"cameraMode":{"drawMode":0,"name":"Shaded","section":"Shading Mode"},"sceneLighting":false,"audioPlay":false,"sceneViewState":{"m_AlwaysRefresh":false,"showFog":false,"showSkybox":false,"showFlares":false,"showImageEffects":false,"showParticleSystems":false,"showVisualEffectGraphs":true,"m_FxEnabled":true},"in2DMode":false,"pivot":{"x":0.1662120819091797,"y":1.4968039989471436,"z":0.17075097560882569},"rotation":{"x":-0.03022054396569729,"y":0.9644221067428589,"z":-0.12657471001148225,"w":-0.230196014046669},"size":0.9156917333602905,"orthographic":true}