{"cameraMode":{"drawMode":0,"name":"Shaded","section":"Shading Mode"},"sceneLighting":false,"audioPlay":false,"sceneViewState":{"m_AlwaysRefresh":false,"showFog":true,"showSkybox":false,"showFlares":true,"showImageEffects":true,"showParticleSystems":true,"showVisualEffectGraphs":true,"m_FxEnabled":true},"in2DMode":false,"pivot":{"x":3.8734450340270998,"y":2.355128288269043,"z":3.4502601623535158},"rotation":{"x":-0.08511468768119812,"y":-0.2003583461046219,"z":-0.017474951222538949,"w":0.9758614897727966},"size":7.722739219665527,"orthographic":true}