{"cameraMode":{"drawMode":0,"name":"Shaded","section":"Shading Mode"},"sceneLighting":false,"audioPlay":false,"sceneViewState":{"m_AlwaysRefresh":false,"showFog":true,"showSkybox":false,"showFlares":true,"showImageEffects":true,"showParticleSystems":true,"showVisualEffectGraphs":true,"m_FxEnabled":true},"in2DMode":false,"pivot":{"x":0.5332506895065308,"y":-4.035112380981445,"z":1.6969990730285645},"rotation":{"x":0.15653198957443238,"y":-0.14842985570430757,"z":0.0238014105707407,"w":0.9761655330657959},"size":3.7615609169006349,"orthographic":true}