{"cameraMode":{"drawMode":0,"name":"Shaded","section":"Shading Mode"},"sceneLighting":false,"audioPlay":false,"sceneViewState":{"m_AlwaysRefresh":false,"showFog":true,"showSkybox":false,"showFlares":true,"showImageEffects":true,"showParticleSystems":true,"showVisualEffectGraphs":true,"m_FxEnabled":true},"in2DMode":false,"pivot":{"x":-0.40405192971229555,"y":1.0677614212036133,"z":0.11836141347885132},"rotation":{"x":-0.02914753369987011,"y":0.9648348093032837,"z":-0.1216265857219696,"w":-0.23121170699596406},"size":1.256363034248352,"orthographic":true}