{"cameraMode":{"drawMode":0,"name":"Shaded","section":"Shading Mode"},"sceneLighting":false,"audioPlay":false,"sceneViewState":{"m_AlwaysRefresh":false,"showFog":true,"showSkybox":false,"showFlares":true,"showImageEffects":true,"showParticleSystems":true,"showVisualEffectGraphs":true,"m_FxEnabled":true},"in2DMode":false,"pivot":{"x":-0.1919175237417221,"y":1.4624910354614258,"z":0.31470543146133425},"rotation":{"x":-0.014409560710191727,"y":0.7528142929077148,"z":-0.016487224027514459,"w":-0.6578797698020935},"size":1.154495358467102,"orthographic":true}