{"cameraMode":{"drawMode":0,"name":"Shaded","section":"Shading Mode"},"sceneLighting":false,"audioPlay":false,"sceneViewState":{"m_AlwaysRefresh":false,"showFog":true,"showSkybox":false,"showFlares":true,"showImageEffects":true,"showParticleSystems":true,"showVisualEffectGraphs":true,"m_FxEnabled":true},"in2DMode":false,"pivot":{"x":-0.028513193130493165,"y":32.72608184814453,"z":-64.62403869628906},"rotation":{"x":0.021966267377138139,"y":-0.96171635389328,"z":0.08097470551729202,"w":0.26088792085647585},"size":1.5689074993133546,"orthographic":true}