{"cameraMode":{"drawMode":0,"name":"Shaded","section":"Shading Mode"},"sceneLighting":false,"audioPlay":false,"sceneViewState":{"m_AlwaysRefresh":false,"showFog":true,"showSkybox":false,"showFlares":true,"showImageEffects":true,"showParticleSystems":true,"showVisualEffectGraphs":true,"m_FxEnabled":true},"in2DMode":false,"pivot":{"x":-2.270703955082259e-16,"y":33.26207733154297,"z":-64.94539642333985},"rotation":{"x":0.014194663614034653,"y":0.5096842050552368,"z":-0.008410470560193062,"w":0.8602029085159302},"size":0.8660253882408142,"orthographic":true}