{"cameraMode":{"drawMode":0,"name":"Shaded","section":"Shading Mode"},"sceneLighting":false,"audioPlay":false,"sceneViewState":{"m_AlwaysRefresh":false,"showFog":true,"showSkybox":false,"showFlares":true,"showImageEffects":true,"showParticleSystems":true,"showVisualEffectGraphs":true,"m_FxEnabled":true},"in2DMode":false,"pivot":{"x":11.760979652404786,"y":1.1481235027313233,"z":5.637306213378906},"rotation":{"x":0.01566816307604313,"y":0.7424348592758179,"z":-0.01737467385828495,"w":0.6695106029510498},"size":1.2112877368927003,"orthographic":true}