{"cameraMode":{"drawMode":0,"name":"Shaded","section":"Shading Mode"},"sceneLighting":false,"audioPlay":false,"sceneViewState":{"m_AlwaysRefresh":false,"showFog":true,"showSkybox":false,"showFlares":true,"showImageEffects":true,"showParticleSystems":true,"showVisualEffectGraphs":true,"m_FxEnabled":true},"in2DMode":false,"pivot":{"x":11.760979652404786,"y":1.1481235027313233,"z":5.637306213378906},"rotation":{"x":-0.012296834029257298,"y":0.4894406497478485,"z":0.006902418099343777,"w":0.8719319105148315},"size":1.704216480255127,"orthographic":true}