{"cameraMode":{"drawMode":0,"name":"Shaded","section":"Shading Mode"},"sceneLighting":false,"audioPlay":false,"sceneViewState":{"m_AlwaysRefresh":false,"showFog":true,"showSkybox":false,"showFlares":true,"showImageEffects":true,"showParticleSystems":true,"showVisualEffectGraphs":true,"m_FxEnabled":true},"in2DMode":false,"pivot":{"x":3.6133456230163576,"y":0.5766973495483398,"z":3.3282203674316408},"rotation":{"x":0.17899015545845033,"y":-0.020659200847148896,"z":0.003759347600862384,"w":0.9836269617080689},"size":5.448850631713867,"orthographic":false}