{"cameraMode":{"drawMode":0,"name":"Shaded","section":"Shading Mode"},"sceneLighting":false,"audioPlay":false,"sceneViewState":{"m_AlwaysRefresh":false,"showFog":true,"showSkybox":false,"showFlares":true,"showImageEffects":true,"showParticleSystems":true,"showVisualEffectGraphs":true,"m_FxEnabled":true},"in2DMode":false,"pivot":{"x":-0.09997215867042542,"y":0.9575110673904419,"z":0.07898774743080139},"rotation":{"x":-0.009118765592575074,"y":0.9711076617240906,"z":-0.23548424243927003,"w":-0.03760438784956932},"size":1.2436174154281617,"orthographic":true}