{"cameraMode":{"drawMode":0,"name":"Shaded","section":"Shading Mode"},"sceneLighting":false,"audioPlay":false,"sceneViewState":{"m_AlwaysRefresh":false,"showFog":true,"showSkybox":false,"showFlares":true,"showImageEffects":true,"showParticleSystems":true,"showVisualEffectGraphs":true,"m_FxEnabled":true},"in2DMode":false,"pivot":{"x":0.0000011920928955078126,"y":1.0960900783538819,"z":0.4564422070980072},"rotation":{"x":0.021613137796521188,"y":-0.9683425426483154,"z":0.09031681716442108,"w":0.2317390739917755},"size":2.2763350009918215,"orthographic":true}