{"cameraMode":{"drawMode":0,"name":"Shaded","section":"Shading Mode"},"sceneLighting":false,"audioPlay":false,"sceneViewState":{"m_AlwaysRefresh":false,"showFog":true,"showSkybox":false,"showFlares":true,"showImageEffects":true,"showParticleSystems":true,"showVisualEffectGraphs":true,"m_FxEnabled":true},"in2DMode":false,"pivot":{"x":2.1528947353363039,"y":0.6924967169761658,"z":0.037417471408843997},"rotation":{"x":0.5248448848724365,"y":-0.029354045167565347,"z":0.018114153295755388,"w":0.8505010008811951},"size":1.3640791177749634,"orthographic":true}