{"cameraMode":{"drawMode":0,"name":"Shaded","section":"Shading Mode"},"sceneLighting":false,"audioPlay":false,"sceneViewState":{"m_AlwaysRefresh":false,"showFog":true,"showSkybox":false,"showFlares":true,"showImageEffects":true,"showParticleSystems":true,"showVisualEffectGraphs":true,"m_FxEnabled":true},"in2DMode":false,"pivot":{"x":1.9199999570846558,"y":0.7200000286102295,"z":6.869999885559082},"rotation":{"x":-0.28458136320114138,"y":-0.3358643352985382,"z":0.10721723735332489,"w":-0.8914757966995239},"size":0.9985113739967346,"orthographic":true}