{"cameraMode":{"drawMode":0,"name":"Shaded","section":"Shading Mode"},"sceneLighting":false,"audioPlay":false,"sceneViewState":{"m_AlwaysRefresh":false,"showFog":true,"showSkybox":false,"showFlares":true,"showImageEffects":true,"showParticleSystems":true,"showVisualEffectGraphs":true,"m_FxEnabled":true},"in2DMode":false,"pivot":{"x":2.8689801692962648,"y":0.45463886857032778,"z":0.045722901821136478},"rotation":{"x":0.18714526295661927,"y":-0.25429871678352358,"z":0.0502249114215374,"w":0.9475204944610596},"size":0.782329797744751,"orthographic":true}