{"cameraMode":{"drawMode":0,"name":"Shaded","section":"Shading Mode"},"sceneLighting":false,"audioPlay":false,"sceneViewState":{"m_AlwaysRefresh":false,"showFog":true,"showSkybox":false,"showFlares":true,"showImageEffects":true,"showParticleSystems":true,"showVisualEffectGraphs":true,"m_FxEnabled":true},"in2DMode":false,"pivot":{"x":-1.8124998807907105,"y":3.2517507076263429,"z":-4.499999046325684},"rotation":{"x":0.3163593113422394,"y":-0.007114697713404894,"z":0.0023726383224129678,"w":0.9486109018325806},"size":5.109714508056641,"orthographic":true}