{"cameraMode":{"drawMode":0,"name":"Shaded","section":"Shading Mode"},"sceneLighting":false,"audioPlay":false,"sceneViewState":{"m_AlwaysRefresh":false,"showFog":true,"showSkybox":false,"showFlares":true,"showImageEffects":true,"showParticleSystems":true,"showVisualEffectGraphs":true,"m_FxEnabled":true},"in2DMode":false,"pivot":{"x":0.06557273864746094,"y":0.7201535701751709,"z":0.21371948719024659},"rotation":{"x":0.10046602040529251,"y":0.5959561467170715,"z":-0.07549009472131729,"w":0.7931258082389832},"size":2.5397183895111086,"orthographic":true}