{"cameraMode":{"drawMode":0,"name":"Shaded","section":"Shading Mode"},"sceneLighting":false,"audioPlay":false,"sceneViewState":{"m_AlwaysRefresh":false,"showFog":true,"showSkybox":false,"showFlares":true,"showImageEffects":true,"showParticleSystems":true,"showVisualEffectGraphs":true,"m_FxEnabled":true},"in2DMode":false,"pivot":{"x":0.0000010728836059570313,"y":1.6653058528900147,"z":-0.0021737515926361086},"rotation":{"x":-0.005300272721797228,"y":-0.9838343262672424,"z":0.029523897916078569,"w":-0.1765923649072647},"size":1.4813828468322755,"orthographic":true}