{"cameraMode":{"drawMode":0,"name":"Shaded","section":"Shading Mode"},"sceneLighting":false,"audioPlay":false,"sceneViewState":{"m_AlwaysRefresh":false,"showFog":true,"showSkybox":false,"showFlares":true,"showImageEffects":true,"showParticleSystems":true,"showVisualEffectGraphs":true,"m_FxEnabled":true},"in2DMode":false,"pivot":{"x":1.7192991971969605,"y":1.293976068496704,"z":90.84742736816406},"rotation":{"x":0.19769632816314698,"y":0.06845599412918091,"z":-0.013842727988958359,"w":0.9777778387069702},"size":0.7091091275215149,"orthographic":true}