{"cameraMode":{"drawMode":0,"name":"Shaded","section":"Shading Mode"},"sceneLighting":false,"audioPlay":false,"sceneViewState":{"m_AlwaysRefresh":false,"showFog":true,"showSkybox":false,"showFlares":true,"showImageEffects":true,"showParticleSystems":true,"showVisualEffectGraphs":true,"m_FxEnabled":true},"in2DMode":false,"pivot":{"x":1.789459466934204,"y":1.2412045001983643,"z":89.60074615478516},"rotation":{"x":0.09452133625745774,"y":0.27119144797325137,"z":-0.02677118591964245,"w":0.9575011134147644},"size":1.1248539686203004,"orthographic":true}