{"cameraMode":{"drawMode":0,"name":"Shaded","section":"Shading Mode"},"sceneLighting":false,"audioPlay":false,"sceneViewState":{"m_AlwaysRefresh":false,"showFog":true,"showSkybox":false,"showFlares":true,"showImageEffects":true,"showParticleSystems":true,"showVisualEffectGraphs":true,"m_FxEnabled":true},"in2DMode":false,"pivot":{"x":1.5821404457092286,"y":1.1737104654312134,"z":90.42404174804688},"rotation":{"x":0.1963738203048706,"y":0.5004803538322449,"z":-0.11771203577518463,"w":0.8349266648292542},"size":1.8339484930038453,"orthographic":true}