{"cameraMode":{"drawMode":0,"name":"Shaded","section":"Shading Mode"},"sceneLighting":false,"audioPlay":false,"sceneViewState":{"m_AlwaysRefresh":false,"showFog":true,"showSkybox":false,"showFlares":true,"showImageEffects":true,"showParticleSystems":true,"showVisualEffectGraphs":true,"m_FxEnabled":true},"in2DMode":false,"pivot":{"x":-0.10207697749137879,"y":0.9575110673904419,"z":0.07898774743080139},"rotation":{"x":-0.007236056961119175,"y":0.9916138648986816,"z":-0.06404779851436615,"w":-0.11202958226203919},"size":1.7963732481002808,"orthographic":true}