{"cameraMode":{"drawMode":0,"name":"Shaded","section":"Shading Mode"},"sceneLighting":false,"audioPlay":false,"sceneViewState":{"m_AlwaysRefresh":false,"showFog":true,"showSkybox":false,"showFlares":true,"showImageEffects":true,"showParticleSystems":true,"showVisualEffectGraphs":true,"m_FxEnabled":true},"in2DMode":false,"pivot":{"x":-0.10207697749137879,"y":0.9575110673904419,"z":0.07898774743080139},"rotation":{"x":-0.00042906615999527276,"y":0.9838981032371521,"z":-0.002359595848247409,"w":-0.17873871326446534},"size":1.1749658584594727,"orthographic":true}