{"cameraMode":{"drawMode":0,"name":"Shaded","section":"Shading Mode"},"sceneLighting":false,"audioPlay":false,"sceneViewState":{"m_AlwaysRefresh":false,"showFog":true,"showSkybox":false,"showFlares":true,"showImageEffects":true,"showParticleSystems":true,"showVisualEffectGraphs":true,"m_FxEnabled":true},"in2DMode":false,"pivot":{"x":3.5651938915252687,"y":3.359395980834961,"z":-0.6521530151367188},"rotation":{"x":0.038989003747701648,"y":-0.007494173478335142,"z":0.0002924184955190867,"w":0.9992116093635559},"size":30.23758888244629,"orthographic":true}