{"cameraMode":{"drawMode":0,"name":"Shaded","section":"Shading Mode"},"sceneLighting":false,"audioPlay":false,"sceneViewState":{"m_AlwaysRefresh":false,"showFog":true,"showSkybox":false,"showFlares":true,"showImageEffects":true,"showParticleSystems":true,"showVisualEffectGraphs":true,"m_FxEnabled":true},"in2DMode":false,"pivot":{"x":-0.14998000860214234,"y":1.6376049518585206,"z":-0.27976760268211367},"rotation":{"x":-0.019519822672009469,"y":0.973787248134613,"z":-0.09170634299516678,"w":-0.20725353062152863},"size":1.2207738161087037,"orthographic":true}