{"cameraMode":{"drawMode":0,"name":"Shaded","section":"Shading Mode"},"sceneLighting":false,"audioPlay":false,"sceneViewState":{"m_AlwaysRefresh":false,"showFog":true,"showSkybox":false,"showFlares":true,"showImageEffects":true,"showParticleSystems":true,"showVisualEffectGraphs":true,"m_FxEnabled":true},"in2DMode":false,"pivot":{"x":1.0199999809265137,"y":0.4578738212585449,"z":292.0899963378906},"rotation":{"x":-0.04537927359342575,"y":-0.26643654704093935,"z":-0.012556935660541058,"w":0.9627057909965515},"size":5.98066520690918,"orthographic":true}