{"cameraMode":{"drawMode":0,"name":"Shaded","section":"Shading Mode"},"sceneLighting":false,"audioPlay":false,"sceneViewState":{"m_AlwaysRefresh":false,"showFog":true,"showSkybox":false,"showFlares":true,"showImageEffects":true,"showParticleSystems":true,"showVisualEffectGraphs":true,"m_FxEnabled":true},"in2DMode":false,"pivot":{"x":-0.40405192971229555,"y":1.0440922975540162,"z":0.19303661584854127},"rotation":{"x":-0.019072284922003747,"y":0.9802398085594177,"z":-0.15657997131347657,"w":-0.11939366906881333},"size":2.06953501701355,"orthographic":true}