{"cameraMode":{"drawMode":0,"name":"Shaded","section":"Shading Mode"},"sceneLighting":false,"audioPlay":false,"sceneViewState":{"m_AlwaysRefresh":false,"showFog":true,"showSkybox":false,"showFlares":true,"showImageEffects":true,"showParticleSystems":true,"showVisualEffectGraphs":true,"m_FxEnabled":true},"in2DMode":false,"pivot":{"x":-0.3123885691165924,"y":1.6157227754592896,"z":-0.07961505651473999},"rotation":{"x":0.03084370493888855,"y":0.9679049253463745,"z":-0.19963102042675019,"w":0.14955005049705506},"size":1.1726233959197999,"orthographic":true}