{"cameraMode":{"drawMode":0,"name":"Shaded","section":"Shading Mode"},"sceneLighting":false,"audioPlay":false,"sceneViewState":{"m_AlwaysRefresh":false,"showFog":true,"showSkybox":false,"showFlares":true,"showImageEffects":true,"showParticleSystems":true,"showVisualEffectGraphs":true,"m_FxEnabled":true},"in2DMode":false,"pivot":{"x":-0.11936867237091065,"y":1.5785831212997437,"z":-0.3004518449306488},"rotation":{"x":-0.0045214006677269939,"y":0.9179784059524536,"z":-0.0104630496352911,"w":-0.39647823572158816},"size":1.0831706523895264,"orthographic":true}