{"cameraMode":{"drawMode":0,"name":"Shaded","section":"Shading Mode"},"sceneLighting":false,"audioPlay":false,"sceneViewState":{"m_AlwaysRefresh":false,"showFog":true,"showSkybox":false,"showFlares":true,"showImageEffects":true,"showParticleSystems":true,"showVisualEffectGraphs":true,"m_FxEnabled":true},"in2DMode":false,"pivot":{"x":0.15773940086364747,"y":1.8298496007919312,"z":-0.1703205108642578},"rotation":{"x":-0.015784038230776788,"y":0.29117879271507265,"z":0.004804692696779966,"w":0.9565277695655823},"size":1.2823307514190674,"orthographic":true}