{"cameraMode":{"drawMode":0,"name":"Shaded","section":"Shading Mode"},"sceneLighting":false,"audioPlay":false,"sceneViewState":{"m_AlwaysRefresh":false,"showFog":true,"showSkybox":false,"showFlares":true,"showImageEffects":true,"showParticleSystems":true,"showVisualEffectGraphs":true,"m_FxEnabled":true},"in2DMode":false,"pivot":{"x":-0.15644565224647523,"y":0.7302324175834656,"z":0.19666722416877747},"rotation":{"x":-0.012469370849430561,"y":0.9874668121337891,"z":-0.1169629618525505,"w":-0.10526817291975022},"size":1.3714488744735718,"orthographic":true}