{"cameraMode":{"drawMode":0,"name":"Shaded","section":"Shading Mode"},"sceneLighting":false,"audioPlay":false,"sceneViewState":{"m_AlwaysRefresh":false,"showFog":true,"showSkybox":false,"showFlares":true,"showImageEffects":true,"showParticleSystems":true,"showVisualEffectGraphs":true,"m_FxEnabled":true},"in2DMode":false,"pivot":{"x":0.9687502384185791,"y":1.249843716621399,"z":0.00001049041748046875},"rotation":{"x":0.10315211862325669,"y":0.3805665075778961,"z":-0.04276322200894356,"w":0.9179872870445252},"size":1.5825589895248414,"orthographic":true}