{"cameraMode":{"drawMode":0,"name":"Shaded","section":"Shading Mode"},"sceneLighting":false,"audioPlay":false,"sceneViewState":{"m_AlwaysRefresh":false,"showFog":true,"showSkybox":false,"showFlares":true,"showImageEffects":true,"showParticleSystems":true,"showVisualEffectGraphs":true,"m_FxEnabled":true},"in2DMode":false,"pivot":{"x":1.373164415359497,"y":3.2925078868865969,"z":-0.19486236572265626},"rotation":{"x":0.02831750363111496,"y":0.2680611312389374,"z":-0.007882904261350632,"w":0.9629542231559753},"size":4.2341485023498539,"orthographic":true}