{"cameraMode":{"drawMode":0,"name":"Shaded","section":"Shading Mode"},"sceneLighting":false,"audioPlay":false,"sceneViewState":{"m_AlwaysRefresh":false,"showFog":true,"showSkybox":false,"showFlares":true,"showImageEffects":true,"showParticleSystems":true,"showVisualEffectGraphs":true,"m_FxEnabled":true},"in2DMode":false,"pivot":{"x":0.6332788467407227,"y":0.9694695472717285,"z":-0.10372352600097656},"rotation":{"x":0.003884200006723404,"y":0.08539532870054245,"z":-0.0003329445025883615,"w":0.9963404536247253},"size":3.557797908782959,"orthographic":true}