{"cameraMode":{"drawMode":0,"name":"Shaded","section":"Shading Mode"},"sceneLighting":false,"audioPlay":false,"sceneViewState":{"m_AlwaysRefresh":false,"showFog":true,"showSkybox":false,"showFlares":true,"showImageEffects":true,"showParticleSystems":true,"showVisualEffectGraphs":true,"m_FxEnabled":true},"in2DMode":false,"pivot":{"x":1.6999989748001099,"y":1.0960898399353028,"z":90.2435531616211},"rotation":{"x":0.022211182862520219,"y":0.9753049612045288,"z":-0.11611761152744293,"w":0.18655934929847718},"size":2.276336908340454,"orthographic":true}