{"cameraMode":{"drawMode":0,"name":"Shaded","section":"Shading Mode"},"sceneLighting":false,"audioPlay":false,"sceneViewState":{"m_AlwaysRefresh":false,"showFog":true,"showSkybox":false,"showFlares":true,"showImageEffects":true,"showParticleSystems":true,"showVisualEffectGraphs":true,"m_FxEnabled":true},"in2DMode":false,"pivot":{"x":-0.06634515523910523,"y":-0.08307847380638123,"z":-0.6594715118408203},"rotation":{"x":0.22947251796722413,"y":0.05398688092827797,"z":-0.012747828848659993,"w":0.9717357158660889},"size":1.0575556755065919,"orthographic":true}