{"cameraMode":{"drawMode":0,"name":"Shaded","section":"Shading Mode"},"sceneLighting":false,"audioPlay":false,"sceneViewState":{"m_AlwaysRefresh":false,"showFog":true,"showSkybox":false,"showFlares":true,"showImageEffects":true,"showParticleSystems":true,"showVisualEffectGraphs":true,"m_FxEnabled":true},"in2DMode":false,"pivot":{"x":1084.5247802734375,"y":1334.413330078125,"z":-3.3222312927246095},"rotation":{"x":0.038989003747701648,"y":-0.007494173478335142,"z":0.0002924184955190867,"w":0.9992116093635559},"size":94.1714096069336,"orthographic":true}