{"cameraMode":{"drawMode":0,"name":"Shaded","section":"Shading Mode"},"sceneLighting":false,"audioPlay":false,"sceneViewState":{"m_AlwaysRefresh":false,"showFog":true,"showSkybox":false,"showFlares":true,"showImageEffects":true,"showParticleSystems":true,"showVisualEffectGraphs":true,"m_FxEnabled":true},"in2DMode":false,"pivot":{"x":-1.7212364673614503,"y":0.4418368339538574,"z":35.30058288574219},"rotation":{"x":0.1651238352060318,"y":-0.013314499519765377,"z":0.002228505676612258,"w":0.9861853122711182},"size":1.5050313472747803,"orthographic":true}