{"cameraMode":{"drawMode":0,"name":"Shaded","section":"Shading Mode"},"sceneLighting":false,"audioPlay":false,"sceneViewState":{"m_AlwaysRefresh":false,"showFog":true,"showSkybox":false,"showFlares":true,"showImageEffects":true,"showParticleSystems":true,"showVisualEffectGraphs":true,"m_FxEnabled":true},"in2DMode":false,"pivot":{"x":-1.7300000190734864,"y":0.18163511157035829,"z":35.36000061035156},"rotation":{"x":0.1860421597957611,"y":0.28846678137779238,"z":-0.057243652641773227,"w":0.9375098347663879},"size":1.0500556230545045,"orthographic":true}