{"cameraMode":{"drawMode":0,"name":"Shaded","section":"Shading Mode"},"sceneLighting":false,"audioPlay":false,"sceneViewState":{"m_AlwaysRefresh":false,"showFog":true,"showSkybox":false,"showFlares":true,"showImageEffects":true,"showParticleSystems":true,"showVisualEffectGraphs":true,"m_FxEnabled":true},"in2DMode":false,"pivot":{"x":-1.8899623155593873,"y":0.17206932604312898,"z":35.50544357299805},"rotation":{"x":-0.04144689813256264,"y":0.6125088930130005,"z":-0.03218555822968483,"w":-0.7887263298034668},"size":1.1984223127365113,"orthographic":true}