{"cameraMode":{"drawMode":0,"name":"Shaded","section":"Shading Mode"},"sceneLighting":false,"audioPlay":false,"sceneViewState":{"m_AlwaysRefresh":false,"showFog":true,"showSkybox":false,"showFlares":true,"showImageEffects":true,"showParticleSystems":true,"showVisualEffectGraphs":true,"m_FxEnabled":true},"in2DMode":false,"pivot":{"x":-1.8899623155593873,"y":0.17206932604312898,"z":35.50544357299805},"rotation":{"x":0.05678432062268257,"y":0.940291166305542,"z":-0.27242207527160647,"w":0.19599664211273194},"size":4.555248737335205,"orthographic":true}