{"cameraMode":{"drawMode":0,"name":"Shaded","section":"Shading Mode"},"sceneLighting":false,"audioPlay":false,"sceneViewState":{"m_AlwaysRefresh":false,"showFog":true,"showSkybox":false,"showFlares":true,"showImageEffects":true,"showParticleSystems":true,"showVisualEffectGraphs":true,"m_FxEnabled":true},"in2DMode":false,"pivot":{"x":-1.7212364673614503,"y":0.4418368339538574,"z":35.30058288574219},"rotation":{"x":0.24009782075881959,"y":-0.16217687726020814,"z":0.040720246732234958,"w":0.9562394022941589},"size":1.5050313472747803,"orthographic":true}