{"cameraMode":{"drawMode":0,"name":"Shaded","section":"Shading Mode"},"sceneLighting":false,"audioPlay":false,"sceneViewState":{"m_AlwaysRefresh":false,"showFog":true,"showSkybox":false,"showFlares":true,"showImageEffects":true,"showParticleSystems":true,"showVisualEffectGraphs":true,"m_FxEnabled":true},"in2DMode":false,"pivot":{"x":-1.8899623155593873,"y":0.17206932604312898,"z":35.50544357299805},"rotation":{"x":0.035244233906269076,"y":0.6777774095535278,"z":0.03255920484662056,"w":-0.7337043285369873},"size":1.1984223127365113,"orthographic":true}