{"cameraMode":{"drawMode":0,"name":"Shaded","section":"Shading Mode"},"sceneLighting":false,"audioPlay":false,"sceneViewState":{"m_AlwaysRefresh":false,"showFog":true,"showSkybox":false,"showFlares":true,"showImageEffects":true,"showParticleSystems":true,"showVisualEffectGraphs":true,"m_FxEnabled":true},"in2DMode":false,"pivot":{"x":-1.7916055917739869,"y":0.12086205929517746,"z":35.35090637207031},"rotation":{"x":-0.038777947425842288,"y":0.9611588716506958,"z":-0.19884271919727326,"w":-0.18744462728500367},"size":0.5906593203544617,"orthographic":true}