{"cameraMode":{"drawMode":0,"name":"Shaded","section":"Shading Mode"},"sceneLighting":false,"audioPlay":false,"sceneViewState":{"m_AlwaysRefresh":false,"showFog":true,"showSkybox":false,"showFlares":true,"showImageEffects":true,"showParticleSystems":true,"showVisualEffectGraphs":true,"m_FxEnabled":true},"in2DMode":false,"pivot":{"x":0.02391684055328369,"y":0.11605402082204819,"z":128.00848388671876},"rotation":{"x":-0.21888242661952973,"y":-0.3656570613384247,"z":0.08890131115913391,"w":-0.9002791047096252},"size":0.5716434121131897,"orthographic":true}