{"cameraMode":{"drawMode":0,"name":"Shaded","section":"Shading Mode"},"sceneLighting":false,"audioPlay":false,"sceneViewState":{"m_AlwaysRefresh":false,"showFog":true,"showSkybox":false,"showFlares":true,"showImageEffects":true,"showParticleSystems":true,"showVisualEffectGraphs":true,"m_FxEnabled":true},"in2DMode":false,"pivot":{"x":0.02391684055328369,"y":0.11605402082204819,"z":128.00848388671876},"rotation":{"x":-0.28458136320114138,"y":-0.3358643352985382,"z":0.10721723735332489,"w":-0.8914757966995239},"size":0.5716434121131897,"orthographic":true}