{"cameraMode":{"drawMode":0,"name":"Shaded","section":"Shading Mode"},"sceneLighting":false,"audioPlay":false,"sceneViewState":{"m_AlwaysRefresh":false,"showFog":true,"showSkybox":false,"showFlares":true,"showImageEffects":true,"showParticleSystems":true,"showVisualEffectGraphs":true,"m_FxEnabled":true},"in2DMode":false,"pivot":{"x":-0.01591932773590088,"y":0.9156055450439453,"z":0.022632986307144166},"rotation":{"x":-0.006161429453641176,"y":0.9922375679016113,"z":-0.11149526387453079,"w":-0.05483093112707138},"size":1.5922534465789796,"orthographic":true}