{"cameraMode":{"drawMode":0,"name":"Shaded","section":"Shading Mode"},"sceneLighting":false,"audioPlay":false,"sceneViewState":{"m_AlwaysRefresh":false,"showFog":true,"showSkybox":false,"showFlares":true,"showImageEffects":true,"showParticleSystems":true,"showVisualEffectGraphs":true,"m_FxEnabled":true},"in2DMode":false,"pivot":{"x":-0.01591932773590088,"y":0.9156055450439453,"z":0.022632986307144166},"rotation":{"x":-0.019072284922003747,"y":0.9802398085594177,"z":-0.15657997131347657,"w":-0.11939366906881333},"size":1.6248583793640137,"orthographic":true}