{"cameraMode":{"drawMode":0,"name":"Shaded","section":"Shading Mode"},"sceneLighting":false,"audioPlay":false,"sceneViewState":{"m_AlwaysRefresh":false,"showFog":true,"showSkybox":false,"showFlares":true,"showImageEffects":true,"showParticleSystems":true,"showVisualEffectGraphs":true,"m_FxEnabled":true},"in2DMode":false,"pivot":{"x":0.3518863916397095,"y":0.6529956459999085,"z":-2.212848424911499},"rotation":{"x":0.08417955785989762,"y":0.8717767000198364,"z":-0.16134031116962434,"w":0.4548519253730774},"size":0.7761962413787842,"orthographic":true}