{"cameraMode":{"drawMode":0,"name":"Shaded","section":"Shading Mode"},"sceneLighting":false,"audioPlay":false,"sceneViewState":{"m_AlwaysRefresh":false,"showFog":true,"showSkybox":false,"showFlares":true,"showImageEffects":true,"showParticleSystems":true,"showVisualEffectGraphs":true,"m_FxEnabled":true},"in2DMode":false,"pivot":{"x":-0.10899245738983154,"y":1.266263484954834,"z":0.31918567419052126},"rotation":{"x":-0.002746290061622858,"y":0.9956985116004944,"z":-0.03137487173080444,"w":-0.08715175837278366},"size":0.7894302010536194,"orthographic":true}