{"cameraMode":{"drawMode":0,"name":"Shaded","section":"Shading Mode"},"sceneLighting":false,"audioPlay":false,"sceneViewState":{"m_AlwaysRefresh":false,"showFog":true,"showSkybox":false,"showFlares":true,"showImageEffects":true,"showParticleSystems":true,"showVisualEffectGraphs":true,"m_FxEnabled":true},"in2DMode":false,"pivot":{"x":1.4162943363189698,"y":-0.047023653984069827,"z":1.5616719722747803},"rotation":{"x":0.390351265668869,"y":0.28882116079330447,"z":0.8644070625305176,"w":-0.13054580986499787},"size":1.4476419687271119,"orthographic":true}