{"cameraMode":{"drawMode":0,"name":"Shaded","section":"Shading Mode"},"sceneLighting":false,"audioPlay":false,"sceneViewState":{"m_AlwaysRefresh":false,"showFog":true,"showSkybox":false,"showFlares":true,"showImageEffects":true,"showParticleSystems":true,"showVisualEffectGraphs":true,"m_FxEnabled":true},"in2DMode":false,"pivot":{"x":1.6406234502792359,"y":1.449232816696167,"z":90.3464126586914},"rotation":{"x":0.08851531893014908,"y":0.22072894871234895,"z":-0.020119141787290574,"w":0.9711029529571533},"size":0.9395046234130859,"orthographic":true}