{"cameraMode":{"drawMode":0,"name":"Shaded","section":"Shading Mode"},"sceneLighting":false,"audioPlay":false,"sceneViewState":{"m_AlwaysRefresh":false,"showFog":true,"showSkybox":false,"showFlares":true,"showImageEffects":true,"showParticleSystems":true,"showVisualEffectGraphs":true,"m_FxEnabled":true},"in2DMode":false,"pivot":{"x":1.6591907739639283,"y":1.6508456468582154,"z":90.70476531982422},"rotation":{"x":0.2662617564201355,"y":0.30824995040893557,"z":-0.09030955284833908,"w":0.9088189005851746},"size":70.75279998779297,"orthographic":true}