{"cameraMode":{"drawMode":0,"name":"Shaded","section":"Shading Mode"},"sceneLighting":false,"audioPlay":false,"sceneViewState":{"m_AlwaysRefresh":false,"showFog":true,"showSkybox":false,"showFlares":true,"showImageEffects":true,"showParticleSystems":true,"showVisualEffectGraphs":true,"m_FxEnabled":true},"in2DMode":false,"pivot":{"x":1.6591907739639283,"y":1.6508456468582154,"z":90.70476531982422},"rotation":{"x":0.037471141666173938,"y":0.03297102823853493,"z":-0.0012340130051597953,"w":0.9987626671791077},"size":0.9389248490333557,"orthographic":true}