{"cameraMode":{"drawMode":0,"name":"Shaded","section":"Shading Mode"},"sceneLighting":false,"audioPlay":false,"sceneViewState":{"m_AlwaysRefresh":false,"showFog":true,"showSkybox":false,"showFlares":true,"showImageEffects":true,"showParticleSystems":true,"showVisualEffectGraphs":true,"m_FxEnabled":true},"in2DMode":false,"pivot":{"x":-0.2385765016078949,"y":0.2335544228553772,"z":-1.2306702136993409},"rotation":{"x":0.06071054935455322,"y":0.8759278059005737,"z":-0.11442543566226959,"w":0.46473270654678347},"size":0.9153937101364136,"orthographic":true}