{"cameraMode":{"drawMode":0,"name":"Shaded","section":"Shading Mode"},"sceneLighting":false,"audioPlay":false,"sceneViewState":{"m_AlwaysRefresh":false,"showFog":true,"showSkybox":false,"showFlares":true,"showImageEffects":true,"showParticleSystems":true,"showVisualEffectGraphs":true,"m_FxEnabled":true},"in2DMode":false,"pivot":{"x":0.0020000040531158449,"y":0.32899999618530276,"z":-0.4390000104904175},"rotation":{"x":0.06202428787946701,"y":0.7928993701934815,"z":-0.08187659829854965,"w":0.6006366014480591},"size":0.9153937101364136,"orthographic":true}