{"cameraMode":{"drawMode":0,"name":"Shaded","section":"Shading Mode"},"sceneLighting":false,"audioPlay":false,"sceneViewState":{"m_AlwaysRefresh":false,"showFog":true,"showSkybox":false,"showFlares":true,"showImageEffects":true,"showParticleSystems":true,"showVisualEffectGraphs":true,"m_FxEnabled":true},"in2DMode":false,"pivot":{"x":-0.2385765016078949,"y":0.2335544228553772,"z":-1.2306702136993409},"rotation":{"x":0.010394968092441559,"y":0.9878622889518738,"z":-0.13508133590221406,"w":0.07601332664489746},"size":0.5516263246536255,"orthographic":true}