{"cameraMode":{"drawMode":0,"name":"Shaded","section":"Shading Mode"},"sceneLighting":false,"audioPlay":false,"sceneViewState":{"m_AlwaysRefresh":false,"showFog":true,"showSkybox":false,"showFlares":true,"showImageEffects":true,"showParticleSystems":true,"showVisualEffectGraphs":true,"m_FxEnabled":true},"in2DMode":false,"pivot":{"x":1.1699999570846558,"y":0.8799999952316284,"z":10.88322925567627},"rotation":{"x":0.13936574757099152,"y":0.42972445487976076,"z":-0.06732156127691269,"w":0.889598548412323},"size":0.7106071710586548,"orthographic":true}