{"cameraMode":{"drawMode":0,"name":"Shaded","section":"Shading Mode"},"sceneLighting":false,"audioPlay":false,"sceneViewState":{"m_AlwaysRefresh":false,"showFog":true,"showSkybox":false,"showFlares":true,"showImageEffects":true,"showParticleSystems":true,"showVisualEffectGraphs":true,"m_FxEnabled":true},"in2DMode":false,"pivot":{"x":1.0716999769210816,"y":1.0897245407104493,"z":12.458040237426758},"rotation":{"x":0.12172124534845352,"y":0.28685981035232546,"z":-0.0367744155228138,"w":0.9494984149932861},"size":2.9341094493865969,"orthographic":true}