{"cameraMode":{"drawMode":0,"name":"Shaded","section":"Shading Mode"},"sceneLighting":false,"audioPlay":false,"sceneViewState":{"m_AlwaysRefresh":false,"showFog":true,"showSkybox":false,"showFlares":true,"showImageEffects":true,"showParticleSystems":true,"showVisualEffectGraphs":true,"m_FxEnabled":true},"in2DMode":false,"pivot":{"x":2.109933853149414,"y":0.6535805463790894,"z":11.509024620056153},"rotation":{"x":0.2674194872379303,"y":0.29051893949508669,"z":-0.08492609113454819,"w":0.9148105382919312},"size":1.096328616142273,"orthographic":true}