{"cameraMode":{"drawMode":0,"name":"Shaded","section":"Shading Mode"},"sceneLighting":false,"audioPlay":false,"sceneViewState":{"m_AlwaysRefresh":false,"showFog":true,"showSkybox":false,"showFlares":true,"showImageEffects":true,"showParticleSystems":true,"showVisualEffectGraphs":true,"m_FxEnabled":true},"in2DMode":false,"pivot":{"x":-0.24675801396369935,"y":0.9840563535690308,"z":0.16386058926582337},"rotation":{"x":0.02555404230952263,"y":0.9741016626358032,"z":-0.14512771368026734,"w":0.17152313888072968},"size":1.3714488744735718,"orthographic":true}