{"cameraMode":{"drawMode":0,"name":"Shaded","section":"Shading Mode"},"sceneLighting":false,"audioPlay":false,"sceneViewState":{"m_AlwaysRefresh":false,"showFog":true,"showSkybox":false,"showFlares":true,"showImageEffects":true,"showParticleSystems":true,"showVisualEffectGraphs":true,"m_FxEnabled":true},"in2DMode":false,"pivot":{"x":1.1848745346069337,"y":0.7331886887550354,"z":10.755829811096192},"rotation":{"x":0.10085269808769226,"y":0.45957401394844057,"z":-0.052617479115724567,"w":0.8808271288871765},"size":0.5195435285568237,"orthographic":true}