{"cameraMode":{"drawMode":0,"name":"Shaded","section":"Shading Mode"},"sceneLighting":false,"audioPlay":false,"sceneViewState":{"m_AlwaysRefresh":false,"showFog":true,"showSkybox":false,"showFlares":true,"showImageEffects":true,"showParticleSystems":true,"showVisualEffectGraphs":true,"m_FxEnabled":true},"in2DMode":false,"pivot":{"x":1.1966230869293213,"y":0.7026975750923157,"z":10.88644790649414},"rotation":{"x":0.14596551656723023,"y":-0.08211110532283783,"z":0.012157903984189034,"w":0.9858013391494751},"size":0.52447110414505,"orthographic":true}