{"cameraMode":{"drawMode":0,"name":"Shaded","section":"Shading Mode"},"sceneLighting":false,"audioPlay":false,"sceneViewState":{"m_AlwaysRefresh":false,"showFog":true,"showSkybox":false,"showFlares":true,"showImageEffects":true,"showParticleSystems":true,"showVisualEffectGraphs":true,"m_FxEnabled":true},"in2DMode":false,"pivot":{"x":1.2590192556381226,"y":0.3531011641025543,"z":10.868904113769532},"rotation":{"x":0.13929098844528199,"y":0.6872296929359436,"z":-0.13680605590343476,"w":0.6997129321098328},"size":2.269892454147339,"orthographic":true}