{"cameraMode":{"drawMode":0,"name":"Shaded","section":"Shading Mode"},"sceneLighting":false,"audioPlay":false,"sceneViewState":{"m_AlwaysRefresh":false,"showFog":true,"showSkybox":false,"showFlares":true,"showImageEffects":true,"showParticleSystems":true,"showVisualEffectGraphs":true,"m_FxEnabled":true},"in2DMode":false,"pivot":{"x":1.2073144912719727,"y":0.7858886122703552,"z":10.821006774902344},"rotation":{"x":0.04075504466891289,"y":0.7322092652320862,"z":-0.04398539662361145,"w":0.6784347295761108},"size":0.7798647880554199,"orthographic":true}