{"cameraMode":{"drawMode":0,"name":"Shaded","section":"Shading Mode"},"sceneLighting":false,"audioPlay":false,"sceneViewState":{"m_AlwaysRefresh":false,"showFog":true,"showSkybox":false,"showFlares":true,"showImageEffects":true,"showParticleSystems":true,"showVisualEffectGraphs":true,"m_FxEnabled":true},"in2DMode":false,"pivot":{"x":1.4970998764038087,"y":1.1972811222076417,"z":10.770082473754883},"rotation":{"x":0.30797791481018069,"y":-0.6382594108581543,"z":0.31020456552505495,"w":0.6336780190467835},"size":1.0164155960083008,"orthographic":true}