{"cameraMode":{"drawMode":0,"name":"Shaded","section":"Shading Mode"},"sceneLighting":false,"audioPlay":false,"sceneViewState":{"m_AlwaysRefresh":false,"showFog":true,"showSkybox":false,"showFlares":true,"showImageEffects":true,"showParticleSystems":true,"showVisualEffectGraphs":true,"m_FxEnabled":true},"in2DMode":false,"pivot":{"x":-0.05406808480620384,"y":1.1539431810379029,"z":-0.11273294687271118},"rotation":{"x":-0.029501713812351228,"y":0.9664514064788818,"z":-0.12979333102703095,"w":-0.2196720391511917},"size":1.419482707977295,"orthographic":true}