{"cameraMode":{"drawMode":0,"name":"Shaded","section":"Shading Mode"},"sceneLighting":false,"audioPlay":false,"sceneViewState":{"m_AlwaysRefresh":false,"showFog":true,"showSkybox":false,"showFlares":true,"showImageEffects":true,"showParticleSystems":true,"showVisualEffectGraphs":true,"m_FxEnabled":true},"in2DMode":false,"pivot":{"x":-0.10425224900245667,"y":0.9917696118354797,"z":0.0213204026222229},"rotation":{"x":-0.0019659099634736778,"y":0.9887776970863342,"z":-0.1488306075334549,"w":-0.013056047260761261},"size":1.8000351190567017,"orthographic":true}