{"cameraMode":{"drawMode":0,"name":"Shaded","section":"Shading Mode"},"sceneLighting":false,"audioPlay":false,"sceneViewState":{"m_AlwaysRefresh":false,"showFog":true,"showSkybox":false,"showFlares":true,"showImageEffects":true,"showParticleSystems":true,"showVisualEffectGraphs":true,"m_FxEnabled":true},"in2DMode":false,"pivot":{"x":-0.06325988471508026,"y":1.108600378036499,"z":0.021405398845672609},"rotation":{"x":-0.00029203540179878473,"y":0.9952465295791626,"z":-0.09734523296356201,"w":-0.0029857412446290256},"size":1.1237298250198365,"orthographic":true}