{"cameraMode":{"drawMode":0,"name":"Shaded","section":"Shading Mode"},"sceneLighting":false,"audioPlay":false,"sceneViewState":{"m_AlwaysRefresh":false,"showFog":true,"showSkybox":false,"showFlares":true,"showImageEffects":true,"showParticleSystems":true,"showVisualEffectGraphs":true,"m_FxEnabled":true},"in2DMode":false,"pivot":{"x":-0.10425224900245667,"y":0.9917696118354797,"z":0.0213204026222229},"rotation":{"x":-0.02115466445684433,"y":0.9754226207733154,"z":-0.10812443494796753,"w":-0.19083549082279206},"size":1.8000351190567017,"orthographic":true}