{"cameraMode":{"drawMode":0,"name":"Shaded","section":"Shading Mode"},"sceneLighting":false,"audioPlay":false,"sceneViewState":{"m_AlwaysRefresh":false,"showFog":true,"showSkybox":false,"showFlares":true,"showImageEffects":true,"showParticleSystems":true,"showVisualEffectGraphs":true,"m_FxEnabled":true},"in2DMode":false,"pivot":{"x":-2.1865079402923586,"y":0.9465515613555908,"z":-0.7464642524719238},"rotation":{"x":-0.003696601139381528,"y":0.990016758441925,"z":-0.13840274512767793,"w":-0.026443149894475938},"size":1.9370449781417847,"orthographic":true}