{"cameraMode":{"drawMode":0,"name":"Shaded","section":"Shading Mode"},"sceneLighting":false,"audioPlay":false,"sceneViewState":{"m_AlwaysRefresh":false,"showFog":true,"showSkybox":false,"showFlares":true,"showImageEffects":true,"showParticleSystems":true,"showVisualEffectGraphs":true,"m_FxEnabled":true},"in2DMode":false,"pivot":{"x":0.34482574462890627,"y":4.9782233238220219,"z":0.09182167053222656},"rotation":{"x":0.21666963398456574,"y":0.2892077565193176,"z":-0.06738056987524033,"w":0.9299871921539307},"size":9.94260025024414,"orthographic":true}