{"cameraMode":{"drawMode":0,"name":"Shaded","section":"Shading Mode"},"sceneLighting":false,"audioPlay":false,"sceneViewState":{"m_AlwaysRefresh":false,"showFog":true,"showSkybox":false,"showFlares":true,"showImageEffects":true,"showParticleSystems":true,"showVisualEffectGraphs":true,"m_FxEnabled":true},"in2DMode":false,"pivot":{"x":0.34482574462890627,"y":4.9782233238220219,"z":0.09182167053222656},"rotation":{"x":0.07562241703271866,"y":0.20783615112304688,"z":-0.016118507832288743,"w":0.975104570388794},"size":15.702458381652832,"orthographic":true}