{"cameraMode":{"drawMode":0,"name":"Shaded","section":"Shading Mode"},"sceneLighting":false,"audioPlay":false,"sceneViewState":{"m_AlwaysRefresh":false,"showFog":true,"showSkybox":false,"showFlares":true,"showImageEffects":true,"showParticleSystems":true,"showVisualEffectGraphs":true,"m_FxEnabled":true},"in2DMode":false,"pivot":{"x":0.34482574462890627,"y":4.9782233238220219,"z":0.09182167053222656},"rotation":{"x":0.16042372584342957,"y":0.05770678073167801,"z":-0.009395777247846127,"w":0.9853164553642273},"size":5.705489635467529,"orthographic":true}