{"cameraMode":{"drawMode":0,"name":"Shaded","section":"Shading Mode"},"sceneLighting":false,"audioPlay":false,"sceneViewState":{"m_AlwaysRefresh":false,"showFog":true,"showSkybox":false,"showFlares":true,"showImageEffects":true,"showParticleSystems":true,"showVisualEffectGraphs":true,"m_FxEnabled":true},"in2DMode":false,"pivot":{"x":3.2685790061950685,"y":4.961154937744141,"z":4.719930171966553},"rotation":{"x":0.16042372584342957,"y":0.05770678073167801,"z":-0.009395777247846127,"w":0.9853164553642273},"size":3.902919054031372,"orthographic":true}