{"cameraMode":{"drawMode":0,"name":"Shaded","section":"Shading Mode"},"sceneLighting":false,"audioPlay":false,"sceneViewState":{"m_AlwaysRefresh":false,"showFog":true,"showSkybox":false,"showFlares":true,"showImageEffects":true,"showParticleSystems":true,"showVisualEffectGraphs":true,"m_FxEnabled":true},"in2DMode":false,"pivot":{"x":-0.7799978256225586,"y":0.8438873291015625,"z":0.4452807307243347},"rotation":{"x":-0.002710012486204505,"y":0.9827629327774048,"z":-0.18431898951530457,"w":-0.014451109804213047},"size":1.5162729024887086,"orthographic":true}