{"cameraMode":{"drawMode":0,"name":"Shaded","section":"Shading Mode"},"sceneLighting":false,"audioPlay":false,"sceneViewState":{"m_AlwaysRefresh":false,"showFog":true,"showSkybox":false,"showFlares":true,"showImageEffects":true,"showParticleSystems":true,"showVisualEffectGraphs":true,"m_FxEnabled":true},"in2DMode":false,"pivot":{"x":-0.26155462861061098,"y":1.2239553928375245,"z":0.2830809950828552},"rotation":{"x":-0.023302609100937845,"y":0.9766739010810852,"z":-0.14700844883918763,"w":-0.1548137366771698},"size":1.261220097541809,"orthographic":true}