{"cameraMode":{"drawMode":0,"name":"Shaded","section":"Shading Mode"},"sceneLighting":false,"audioPlay":false,"sceneViewState":{"m_AlwaysRefresh":false,"showFog":true,"showSkybox":false,"showFlares":true,"showImageEffects":true,"showParticleSystems":true,"showVisualEffectGraphs":true,"m_FxEnabled":true},"in2DMode":false,"pivot":{"x":-0.255062073469162,"y":1.619093894958496,"z":0.02875608205795288},"rotation":{"x":-0.046701833605766299,"y":0.8890923261642456,"z":-0.09315837919712067,"w":-0.4457204043865204},"size":1.216734766960144,"orthographic":true}