{"cameraMode":{"drawMode":0,"name":"Shaded","section":"Shading Mode"},"sceneLighting":false,"audioPlay":false,"sceneViewState":{"m_AlwaysRefresh":false,"showFog":true,"showSkybox":false,"showFlares":true,"showImageEffects":true,"showParticleSystems":true,"showVisualEffectGraphs":true,"m_FxEnabled":true},"in2DMode":false,"pivot":{"x":384.63751220703127,"y":1071.4407958984375,"z":-34.9041748046875},"rotation":{"x":0.038989003747701648,"y":-0.007494173478335142,"z":0.0002924184955190867,"w":0.9992116093635559},"size":384.3616027832031,"orthographic":true}