{"cameraMode":{"drawMode":0,"name":"Shaded","section":"Shading Mode"},"sceneLighting":false,"audioPlay":false,"sceneViewState":{"m_AlwaysRefresh":false,"showFog":true,"showSkybox":false,"showFlares":true,"showImageEffects":true,"showParticleSystems":true,"showVisualEffectGraphs":true,"m_FxEnabled":true},"in2DMode":false,"pivot":{"x":-0.10749177634716034,"y":32.88035202026367,"z":-65.0455093383789},"rotation":{"x":0.10327140241861344,"y":0.029238199815154077,"z":-0.003032633336260915,"w":0.9942251443862915},"size":1.9964642524719239,"orthographic":true}